Cluster ID,X,Y,Z,Peak Stat,Cluster Size (mm3)
1,2.0,48.0,-8.0,2.69897,1312
2,12.0,14.0,0.0,2.69897,992
3,16.0,24.0,-16.0,2.09691,656
4,-38.0,22.0,2.0,1.853872,608
5,40.0,22.0,2.0,1.853872,608
