Cluster ID,X,Y,Z,Peak Stat,Cluster Size (mm3)
1,-10.0,10.0,2.0,2.69897,968
2,10.0,10.0,4.0,2.69897,1384
3,2.0,30.0,20.0,1.853872,640
4,4.0,54.0,6.0,1.5850266,576
5,54.0,-52.0,18.0,1.3767507,568
