Cluster ID,X,Y,Z,Peak Stat,Cluster Size (mm3)
1,-10.0,10.0,2.0,3.0,1160
2,2.0,30.0,20.0,3.0,1248
3,2.0,50.0,-2.0,3.0,2920
4,12.0,12.0,2.0,3.0,2184
5,40.0,22.0,2.0,2.5228786,952
6,54.0,-52.0,18.0,2.30103,848
