Cluster ID,X,Y,Z,Peak Stat,Cluster Size (mm3)
1,-10.0,12.0,2.0,2.69897,856
2,2.0,50.0,-2.0,2.69897,2968
3,12.0,12.0,2.0,2.69897,1912
